{"cameraMode":{"drawMode":0,"name":"Shaded","section":"Shading Mode"},"sceneLighting":false,"audioPlay":false,"sceneViewState":{"m_AlwaysRefresh":false,"showFog":true,"showSkybox":false,"showFlares":true,"showImageEffects":true,"showParticleSystems":true,"showVisualEffectGraphs":true,"m_FxEnabled":true},"in2DMode":false,"pivot":{"x":-0.6354150176048279,"y":4.782214641571045,"z":-4.821310043334961},"rotation":{"x":-0.30862030386924746,"y":-0.019405057653784753,"z":0.006297572515904903,"w":-0.9509668350219727},"size":0.6057674288749695,"orthographic":false}